ID,Title,Released,Director,imdbRating,Ratings,Genre
tt0076759,Star Wars: Episode IV - A New Hope,25 May 1977,George Lucas,8.6,"[{'Source': 'Internet Movie Database', 'Value': '8.6/10'}, {'Source': 'Rotten Tomatoes', 'Value': '94%'}, {'Source': 'Metacritic', 'Value': '90/100'}]","Action, Adventure, Fantasy"
tt0054215,Psycho,08 Sep 1960,Alfred Hitchcock,8.5,"[{'Source': 'Internet Movie Database', 'Value': '8.5/10'}, {'Source': 'Rotten Tomatoes', 'Value': '97%'}, {'Source': 'Metacritic', 'Value': '97/100'}]","Drama, Horror, Mystery"
tt0062622,2001: A Space Odyssey,12 May 1968,Stanley Kubrick,8.3,"[{'Source': 'Internet Movie Database', 'Value': '8.3/10'}, {'Source': 'Rotten Tomatoes', 'Value': '90%'}, {'Source': 'Metacritic', 'Value': '84/100'}]","Adventure, Sci-Fi"
tt0082158,Chariots of Fire,09 Apr 1982,Hugh Hudson,7.1,"[{'Source': 'Internet Movie Database', 'Value': '7.1/10'}, {'Source': 'Rotten Tomatoes', 'Value': '84%'}, {'Source': 'Metacritic', 'Value': '78/100'}]","Biography, Drama, Sport"
tt0075148,Rocky,03 Dec 1976,John G. Avildsen,8.1,"[{'Source': 'Internet Movie Database', 'Value': '8.1/10'}, {'Source': 'Rotten Tomatoes', 'Value': '93%'}, {'Source': 'Metacritic', 'Value': '70/100'}]","Drama, Sport"
tt0060196,"The Good, the Bad and the Ugly",29 Dec 1967,Sergio Leone,8.8,"[{'Source': 'Internet Movie Database', 'Value': '8.8/10'}, {'Source': 'Rotten Tomatoes', 'Value': '97%'}, {'Source': 'Metacritic', 'Value': '90/100'}]","Adventure, Drama, Western"
tt0055928,Dr. No,10 Oct 1962,Terence Young,7.2,"[{'Source': 'Internet Movie Database', 'Value': '7.2/10'}, {'Source': 'Rotten Tomatoes', 'Value': '95%'}, {'Source': 'Metacritic', 'Value': '78/100'}]","Action, Adventure, Thriller"
tt0180093,Requiem for a Dream,15 Dec 2000,Darren Aronofsky,8.3,"[{'Source': 'Internet Movie Database', 'Value': '8.3/10'}, {'Source': 'Rotten Tomatoes', 'Value': '80%'}, {'Source': 'Metacritic', 'Value': '71/100'}]",Drama
tt0082971,Raiders of the Lost Ark,12 Jun 1981,Steven Spielberg,8.4,"[{'Source': 'Internet Movie Database', 'Value': '8.4/10'}, {'Source': 'Rotten Tomatoes', 'Value': '94%'}, {'Source': 'Metacritic', 'Value': '86/100'}]","Action, Adventure"
tt0052520,The Twilight Zone,02 Oct 1959,N/A,9.0,"[{'Source': 'Internet Movie Database', 'Value': '9.0/10'}]","Drama, Fantasy, Horror"
tt0073195,Jaws,20 Jun 1975,Steven Spielberg,8.1,"[{'Source': 'Internet Movie Database', 'Value': '8.1/10'}, {'Source': 'Rotten Tomatoes', 'Value': '97%'}, {'Source': 'Metacritic', 'Value': '87/100'}]","Adventure, Horror, Thriller"
tt0056172,Lawrence of Arabia,02 Apr 2013,David Lean,8.3,"[{'Source': 'Internet Movie Database', 'Value': '8.3/10'}, {'Source': 'Rotten Tomatoes', 'Value': '93%'}, {'Source': 'Metacritic', 'Value': '100/100'}]","Adventure, Biography, Drama"
tt0325980,Pirates of the Caribbean: The Curse of the Black Pearl,09 Jul 2003,Gore Verbinski,8.1,"[{'Source': 'Internet Movie Database', 'Value': '8.1/10'}, {'Source': 'Rotten Tomatoes', 'Value': '79%'}, {'Source': 'Metacritic', 'Value': '63/100'}]","Action, Adventure, Fantasy"
tt0108052,Schindler's List,04 Feb 1994,Steven Spielberg,9.0,"[{'Source': 'Internet Movie Database', 'Value': '9.0/10'}, {'Source': 'Rotten Tomatoes', 'Value': '98%'}, {'Source': 'Metacritic', 'Value': '95/100'}]","Biography, Drama, History"
tt0080684,Star Wars: Episode V - The Empire Strikes Back,18 Jun 1980,Irvin Kershner,8.7,"[{'Source': 'Internet Movie Database', 'Value': '8.7/10'}, {'Source': 'Rotten Tomatoes', 'Value': '93%'}, {'Source': 'Metacritic', 'Value': '82/100'}]","Action, Adventure, Fantasy"
tt0060009,Mission: Impossible,17 Sep 1966,N/A,7.9,"[{'Source': 'Internet Movie Database', 'Value': '7.9/10'}]","Action, Crime, Thriller"
tt0057413,The Pink Panther,18 Mar 1964,Blake Edwards,7.0,"[{'Source': 'Internet Movie Database', 'Value': '7.0/10'}, {'Source': 'Rotten Tomatoes', 'Value': '89%'}, {'Source': 'Metacritic', 'Value': '55/100'}]","Comedy, Crime, Romance"
tt0110357,The Lion King,24 Jun 1994,"Roger Allers, Rob Minkoff",8.5,"[{'Source': 'Internet Movie Database', 'Value': '8.5/10'}, {'Source': 'Rotten Tomatoes', 'Value': '92%'}, {'Source': 'Metacritic', 'Value': '88/100'}]","Animation, Adventure, Drama"
tt0241527,Harry Potter and the Sorcerer's Stone,16 Nov 2001,Chris Columbus,7.7,"[{'Source': 'Internet Movie Database', 'Value': '7.7/10'}, {'Source': 'Rotten Tomatoes', 'Value': '80%'}, {'Source': 'Metacritic', 'Value': '65/100'}]","Adventure, Family, Fantasy"
tt0120737,The Lord of the Rings: The Fellowship of the Ring,19 Dec 2001,Peter Jackson,8.9,"[{'Source': 'Internet Movie Database', 'Value': '8.9/10'}, {'Source': 'Rotten Tomatoes', 'Value': '92%'}, {'Source': 'Metacritic', 'Value': '92/100'}]","Adventure, Drama, Fantasy"
tt0120338,Titanic,19 Dec 1997,James Cameron,7.9,"[{'Source': 'Internet Movie Database', 'Value': '7.9/10'}, {'Source': 'Rotten Tomatoes', 'Value': '88%'}, {'Source': 'Metacritic', 'Value': '75/100'}]","Drama, Romance"
tt0032138,The Wizard of Oz,25 Aug 1939,"Victor Fleming, George Cukor, Norman Taurog",8.1,"[{'Source': 'Internet Movie Database', 'Value': '8.1/10'}, {'Source': 'Rotten Tomatoes', 'Value': '98%'}, {'Source': 'Metacritic', 'Value': '92/100'}]","Adventure, Family, Fantasy"
tt0050212,The Bridge on the River Kwai,14 Dec 1957,David Lean,8.1,"[{'Source': 'Internet Movie Database', 'Value': '8.1/10'}, {'Source': 'Rotten Tomatoes', 'Value': '96%'}, {'Source': 'Metacritic', 'Value': '88/100'}]","Adventure, Drama, War"
tt0078788,Apocalypse Now,15 Aug 1979,Francis Ford Coppola,8.4,"[{'Source': 'Internet Movie Database', 'Value': '8.4/10'}, {'Source': 'Rotten Tomatoes', 'Value': '90%'}, {'Source': 'Metacritic', 'Value': '94/100'}]","Drama, Mystery, War"
tt0087332,Ghostbusters,08 Jun 1984,Ivan Reitman,7.8,"[{'Source': 'Internet Movie Database', 'Value': '7.8/10'}, {'Source': 'Rotten Tomatoes', 'Value': '95%'}, {'Source': 'Metacritic', 'Value': '71/100'}]","Action, Comedy, Fantasy"
tt0077651,Halloween,27 Oct 1978,John Carpenter,7.7,"[{'Source': 'Internet Movie Database', 'Value': '7.7/10'}, {'Source': 'Rotten Tomatoes', 'Value': '97%'}, {'Source': 'Metacritic', 'Value': '90/100'}]","Horror, Thriller"
tt0110912,Pulp Fiction,14 Oct 1994,Quentin Tarantino,8.8,"[{'Source': 'Internet Movie Database', 'Value': '8.8/10'}, {'Source': 'Rotten Tomatoes', 'Value': '92%'}, {'Source': 'Metacritic', 'Value': '95/100'}]","Crime, Drama"
tt0068646,The Godfather,24 Mar 1972,Francis Ford Coppola,9.2,"[{'Source': 'Internet Movie Database', 'Value': '9.2/10'}, {'Source': 'Rotten Tomatoes', 'Value': '97%'}, {'Source': 'Metacritic', 'Value': '100/100'}]","Crime, Drama"
tt0107290,Jurassic Park,11 Jun 1993,Steven Spielberg,8.2,"[{'Source': 'Internet Movie Database', 'Value': '8.2/10'}, {'Source': 'Rotten Tomatoes', 'Value': '91%'}, {'Source': 'Metacritic', 'Value': '68/100'}]","Action, Adventure, Sci-Fi"
tt0104691,The Last of the Mohicans,25 Sep 1992,Michael Mann,7.6,"[{'Source': 'Internet Movie Database', 'Value': '7.6/10'}, {'Source': 'Rotten Tomatoes', 'Value': '88%'}, {'Source': 'Metacritic', 'Value': '76/100'}]","Action, Adventure, Drama"
tt0070047,The Exorcist,26 Dec 1973,William Friedkin,8.1,"[{'Source': 'Internet Movie Database', 'Value': '8.1/10'}, {'Source': 'Rotten Tomatoes', 'Value': '78%'}, {'Source': 'Metacritic', 'Value': '83/100'}]",Horror
tt0078346,Superman,15 Dec 1978,Richard Donner,7.4,"[{'Source': 'Internet Movie Database', 'Value': '7.4/10'}, {'Source': 'Rotten Tomatoes', 'Value': '88%'}, {'Source': 'Metacritic', 'Value': '82/100'}]","Action, Adventure, Sci-Fi"
tt0045152,Singin' in the Rain,10 Apr 1952,"Stanley Donen, Gene Kelly",8.3,"[{'Source': 'Internet Movie Database', 'Value': '8.3/10'}, {'Source': 'Rotten Tomatoes', 'Value': '100%'}, {'Source': 'Metacritic', 'Value': '99/100'}]","Comedy, Musical, Romance"
tt0112573,Braveheart,24 May 1995,Mel Gibson,8.3,"[{'Source': 'Internet Movie Database', 'Value': '8.3/10'}, {'Source': 'Rotten Tomatoes', 'Value': '76%'}, {'Source': 'Metacritic', 'Value': '68/100'}]","Biography, Drama, War"
tt0064116,Once Upon a Time in the West,04 Jul 1969,Sergio Leone,8.5,"[{'Source': 'Internet Movie Database', 'Value': '8.5/10'}, {'Source': 'Rotten Tomatoes', 'Value': '96%'}, {'Source': 'Metacritic', 'Value': '82/100'}]","Drama, Western"
tt0266308,Battle Royale,16 Dec 2000,Kinji Fukasaku,7.5,"[{'Source': 'Internet Movie Database', 'Value': '7.5/10'}, {'Source': 'Rotten Tomatoes', 'Value': '90%'}, {'Source': 'Metacritic', 'Value': '81/100'}]","Adventure, Drama, Thriller"
tt0120915,Star Wars: Episode I - The Phantom Menace,19 May 1999,George Lucas,6.5,"[{'Source': 'Internet Movie Database', 'Value': '6.5/10'}, {'Source': 'Rotten Tomatoes', 'Value': '54%'}, {'Source': 'Metacritic', 'Value': '51/100'}]","Action, Adventure, Fantasy"
tt0293508,The Phantom of the Opera,21 Jan 2005,Joel Schumacher,7.2,"[{'Source': 'Internet Movie Database', 'Value': '7.2/10'}, {'Source': 'Rotten Tomatoes', 'Value': '32%'}, {'Source': 'Metacritic', 'Value': '40/100'}]","Drama, Musical, Romance"
tt0088763,Back to the Future,03 Jul 1985,Robert Zemeckis,8.5,"[{'Source': 'Internet Movie Database', 'Value': '8.5/10'}, {'Source': 'Rotten Tomatoes', 'Value': '93%'}, {'Source': 'Metacritic', 'Value': '87/100'}]","Adventure, Comedy, Sci-Fi"
tt0117509,Romeo + Juliet,01 Nov 1996,Baz Luhrmann,6.7,"[{'Source': 'Internet Movie Database', 'Value': '6.7/10'}, {'Source': 'Rotten Tomatoes', 'Value': '74%'}, {'Source': 'Metacritic', 'Value': '60/100'}]","Drama, Romance"
tt0096895,Batman,23 Jun 1989,Tim Burton,7.5,"[{'Source': 'Internet Movie Database', 'Value': '7.5/10'}, {'Source': 'Rotten Tomatoes', 'Value': '77%'}, {'Source': 'Metacritic', 'Value': '69/100'}]","Action, Adventure"
tt0102798,Robin Hood: Prince of Thieves,14 Jun 1991,Kevin Reynolds,6.9,"[{'Source': 'Internet Movie Database', 'Value': '6.9/10'}, {'Source': 'Rotten Tomatoes', 'Value': '51%'}, {'Source': 'Metacritic', 'Value': '51/100'}]","Action, Adventure, Drama"
tt0112740,Crimson Tide,12 May 1995,Tony Scott,7.4,"[{'Source': 'Internet Movie Database', 'Value': '7.4/10'}, {'Source': 'Rotten Tomatoes', 'Value': '89%'}, {'Source': 'Metacritic', 'Value': '66/100'}]","Action, Drama, Thriller"
tt0118655,Austin Powers: International Man of Mystery,02 May 1997,Jay Roach,7.0,"[{'Source': 'Internet Movie Database', 'Value': '7.0/10'}, {'Source': 'Rotten Tomatoes', 'Value': '73%'}, {'Source': 'Metacritic', 'Value': '51/100'}]","Adventure, Comedy"
tt0109254,Beverly Hills Cop III,25 May 1994,John Landis,5.5,"[{'Source': 'Internet Movie Database', 'Value': '5.5/10'}, {'Source': 'Rotten Tomatoes', 'Value': '11%'}, {'Source': 'Metacritic', 'Value': '16/100'}]","Action, Comedy, Crime"
tt0075860,Close Encounters of the Third Kind,14 Dec 1977,Steven Spielberg,7.6,"[{'Source': 'Internet Movie Database', 'Value': '7.6/10'}, {'Source': 'Rotten Tomatoes', 'Value': '91%'}, {'Source': 'Metacritic', 'Value': '90/100'}]","Drama, Sci-Fi"
tt0120591,Armageddon,01 Jul 1998,Michael Bay,6.7,"[{'Source': 'Internet Movie Database', 'Value': '6.7/10'}, {'Source': 'Rotten Tomatoes', 'Value': '43%'}, {'Source': 'Metacritic', 'Value': '42/100'}]","Action, Adventure, Sci-Fi"
tt0110413,Léon: The Professional,18 Nov 1994,Luc Besson,8.5,"[{'Source': 'Internet Movie Database', 'Value': '8.5/10'}, {'Source': 'Rotten Tomatoes', 'Value': '76%'}, {'Source': 'Metacritic', 'Value': '64/100'}]","Action, Crime, Drama"
tt0087800,A Nightmare on Elm Street,16 Nov 1984,Wes Craven,7.4,"[{'Source': 'Internet Movie Database', 'Value': '7.4/10'}, {'Source': 'Rotten Tomatoes', 'Value': '94%'}, {'Source': 'Metacritic', 'Value': '76/100'}]",Horror
tt0103064,Terminator 2: Judgment Day,03 Jul 1991,James Cameron,8.6,"[{'Source': 'Internet Movie Database', 'Value': '8.6/10'}, {'Source': 'Rotten Tomatoes', 'Value': '91%'}, {'Source': 'Metacritic', 'Value': '75/100'}]","Action, Adventure, Sci-Fi"
tt0084602,Rocky III,28 May 1982,Sylvester Stallone,6.9,"[{'Source': 'Internet Movie Database', 'Value': '6.9/10'}, {'Source': 'Rotten Tomatoes', 'Value': '65%'}, {'Source': 'Metacritic', 'Value': '57/100'}]","Drama, Sport"
tt0094226,The Untouchables,03 Jun 1987,Brian De Palma,7.8,"[{'Source': 'Internet Movie Database', 'Value': '7.8/10'}, {'Source': 'Rotten Tomatoes', 'Value': '83%'}, {'Source': 'Metacritic', 'Value': '79/100'}]","Crime, Drama, Thriller"
tt0039243,Captain from Castile,01 Jan 1948,Henry King,6.8,"[{'Source': 'Internet Movie Database', 'Value': '6.8/10'}]","Adventure, Drama"
tt0082198,Conan the Barbarian,14 May 1982,John Milius,6.9,"[{'Source': 'Internet Movie Database', 'Value': '6.9/10'}, {'Source': 'Rotten Tomatoes', 'Value': '67%'}, {'Source': 'Metacritic', 'Value': '43/100'}]","Adventure, Fantasy"
tt0029583,Snow White and the Seven Dwarfs,04 Feb 1938,"William Cottrell, David Hand, Wilfred Jackson",7.6,"[{'Source': 'Internet Movie Database', 'Value': '7.6/10'}, {'Source': 'Metacritic', 'Value': '96/100'}]","Animation, Adventure, Family"
tt0298203,8 Mile,08 Nov 2002,Curtis Hanson,7.2,"[{'Source': 'Internet Movie Database', 'Value': '7.2/10'}, {'Source': 'Rotten Tomatoes', 'Value': '76%'}, {'Source': 'Metacritic', 'Value': '77/100'}]","Drama, Music"
tt0499549,Avatar,18 Dec 2009,James Cameron,7.9,"[{'Source': 'Internet Movie Database', 'Value': '7.9/10'}, {'Source': 'Rotten Tomatoes', 'Value': '81%'}, {'Source': 'Metacritic', 'Value': '83/100'}]","Action, Adventure, Fantasy"
tt0077631,Grease,16 Jun 1978,Randal Kleiser,7.2,"[{'Source': 'Internet Movie Database', 'Value': '7.2/10'}, {'Source': 'Rotten Tomatoes', 'Value': '65%'}, {'Source': 'Metacritic', 'Value': '70/100'}]","Comedy, Musical, Romance"
tt0418279,Transformers,03 Jul 2007,Michael Bay,7.1,"[{'Source': 'Internet Movie Database', 'Value': '7.1/10'}, {'Source': 'Rotten Tomatoes', 'Value': '57%'}, {'Source': 'Metacritic', 'Value': '61/100'}]","Action, Adventure, Sci-Fi"
tt0240772,Ocean's Eleven,07 Dec 2001,Steven Soderbergh,7.7,"[{'Source': 'Internet Movie Database', 'Value': '7.7/10'}, {'Source': 'Rotten Tomatoes', 'Value': '83%'}, {'Source': 'Metacritic', 'Value': '74/100'}]","Crime, Thriller"
tt0111282,Stargate,28 Oct 1994,Roland Emmerich,7.0,"[{'Source': 'Internet Movie Database', 'Value': '7.0/10'}, {'Source': 'Rotten Tomatoes', 'Value': '53%'}, {'Source': 'Metacritic', 'Value': '42/100'}]","Action, Adventure, Sci-Fi"
tt0246578,Donnie Darko,19 Jan 2001,Richard Kelly,8.0,"[{'Source': 'Internet Movie Database', 'Value': '8.0/10'}, {'Source': 'Rotten Tomatoes', 'Value': '88%'}, {'Source': 'Metacritic', 'Value': '88/100'}]","Drama, Mystery, Sci-Fi"
tt0172495,Gladiator,05 May 2000,Ridley Scott,8.5,"[{'Source': 'Internet Movie Database', 'Value': '8.5/10'}, {'Source': 'Rotten Tomatoes', 'Value': '80%'}, {'Source': 'Metacritic', 'Value': '67/100'}]","Action, Adventure, Drama"
tt0988045,Sherlock Holmes,25 Dec 2009,Guy Ritchie,7.5,"[{'Source': 'Internet Movie Database', 'Value': '7.5/10'}, {'Source': 'Rotten Tomatoes', 'Value': '70%'}, {'Source': 'Metacritic', 'Value': '57/100'}]","Action, Adventure, Mystery"
tt0101272,The Addams Family,22 Nov 1991,Barry Sonnenfeld,7.0,"[{'Source': 'Internet Movie Database', 'Value': '7.0/10'}, {'Source': 'Rotten Tomatoes', 'Value': '68%'}, {'Source': 'Metacritic', 'Value': '57/100'}]","Comedy, Fantasy"
tt0085995,National Lampoon's Vacation,29 Jul 1983,Harold Ramis,7.3,"[{'Source': 'Internet Movie Database', 'Value': '7.3/10'}, {'Source': 'Rotten Tomatoes', 'Value': '94%'}, {'Source': 'Metacritic', 'Value': '55/100'}]","Adventure, Comedy"
tt0101414,Beauty and the Beast,22 Nov 1991,"Gary Trousdale, Kirk Wise",8.0,"[{'Source': 'Internet Movie Database', 'Value': '8.0/10'}, {'Source': 'Rotten Tomatoes', 'Value': '95%'}, {'Source': 'Metacritic', 'Value': '95/100'}]","Animation, Family, Fantasy"
tt0076666,Saturday Night Fever,16 Dec 1977,John Badham,6.8,"[{'Source': 'Internet Movie Database', 'Value': '6.8/10'}, {'Source': 'Rotten Tomatoes', 'Value': '82%'}, {'Source': 'Metacritic', 'Value': '77/100'}]","Drama, Music"
tt0085549,Flashdance,15 Apr 1983,Adrian Lyne,6.2,"[{'Source': 'Internet Movie Database', 'Value': '6.2/10'}, {'Source': 'Rotten Tomatoes', 'Value': '37%'}, {'Source': 'Metacritic', 'Value': '39/100'}]","Drama, Music, Romance"
tt0087277,Footloose,17 Feb 1984,Herbert Ross,6.6,"[{'Source': 'Internet Movie Database', 'Value': '6.6/10'}, {'Source': 'Rotten Tomatoes', 'Value': '55%'}, {'Source': 'Metacritic', 'Value': '42/100'}]","Drama, Music, Romance"
tt0103855,The Bodyguard,25 Nov 1992,Mick Jackson,6.4,"[{'Source': 'Internet Movie Database', 'Value': '6.4/10'}, {'Source': 'Rotten Tomatoes', 'Value': '38%'}, {'Source': 'Metacritic', 'Value': '39/100'}]","Drama, Music, Romance"
tt0080455,The Blues Brothers,20 Jun 1980,John Landis,7.9,"[{'Source': 'Internet Movie Database', 'Value': '7.9/10'}, {'Source': 'Rotten Tomatoes', 'Value': '71%'}, {'Source': 'Metacritic', 'Value': '60/100'}]","Adventure, Comedy, Crime"
tt0266697,Kill Bill: Vol. 1,10 Oct 2003,Quentin Tarantino,8.2,"[{'Source': 'Internet Movie Database', 'Value': '8.2/10'}, {'Source': 'Rotten Tomatoes', 'Value': '85%'}, {'Source': 'Metacritic', 'Value': '69/100'}]","Action, Crime, Thriller"
tt0092099,Top Gun,16 May 1986,Tony Scott,7.0,"[{'Source': 'Internet Movie Database', 'Value': '7.0/10'}, {'Source': 'Rotten Tomatoes', 'Value': '59%'}, {'Source': 'Metacritic', 'Value': '50/100'}]","Action, Drama"
tt0048280,Lady and the Tramp,22 Jun 1955,"Clyde Geronimi, Wilfred Jackson, Hamilton Luske",7.3,"[{'Source': 'Internet Movie Database', 'Value': '7.3/10'}, {'Source': 'Rotten Tomatoes', 'Value': '91%'}, {'Source': 'Metacritic', 'Value': '78/100'}]","Animation, Adventure, Comedy"
tt0368891,National Treasure,19 Nov 2004,Jon Turteltaub,6.9,"[{'Source': 'Internet Movie Database', 'Value': '6.9/10'}, {'Source': 'Rotten Tomatoes', 'Value': '47%'}, {'Source': 'Metacritic', 'Value': '40/100'}]","Action, Adventure, Mystery"
tt0230838,Sweet November,16 Feb 2001,Pat O'Connor,6.7,"[{'Source': 'Internet Movie Database', 'Value': '6.7/10'}, {'Source': 'Rotten Tomatoes', 'Value': '15%'}, {'Source': 'Metacritic', 'Value': '27/100'}]","Drama, Romance"
tt0414993,The Fountain,22 Nov 2006,Darren Aronofsky,7.1,"[{'Source': 'Internet Movie Database', 'Value': '7.1/10'}, {'Source': 'Rotten Tomatoes', 'Value': '52%'}, {'Source': 'Metacritic', 'Value': '51/100'}]","Drama, Mystery, Romance"
tt1104001,Tron: Legacy,17 Dec 2010,Joseph Kosinski,6.8,"[{'Source': 'Internet Movie Database', 'Value': '6.8/10'}, {'Source': 'Rotten Tomatoes', 'Value': '51%'}, {'Source': 'Metacritic', 'Value': '49/100'}]","Action, Adventure, Sci-Fi"
tt0317705,The Incredibles,05 Nov 2004,Brad Bird,8.0,"[{'Source': 'Internet Movie Database', 'Value': '8.0/10'}, {'Source': 'Metacritic', 'Value': '90/100'}]","Animation, Action, Adventure"
tt0097757,The Little Mermaid,17 Nov 1989,"Ron Clements, John Musker",7.6,"[{'Source': 'Internet Movie Database', 'Value': '7.6/10'}, {'Source': 'Rotten Tomatoes', 'Value': '92%'}, {'Source': 'Metacritic', 'Value': '88/100'}]","Animation, Adventure, Family"
tt0120746,The Mask of Zorro,17 Jul 1998,Martin Campbell,6.8,"[{'Source': 'Internet Movie Database', 'Value': '6.8/10'}, {'Source': 'Rotten Tomatoes', 'Value': '86%'}, {'Source': 'Metacritic', 'Value': '62/100'}]","Action, Adventure, Comedy"
tt0126029,Shrek,18 May 2001,"Andrew Adamson, Vicky Jenson",7.9,"[{'Source': 'Internet Movie Database', 'Value': '7.9/10'}, {'Source': 'Rotten Tomatoes', 'Value': '88%'}, {'Source': 'Metacritic', 'Value': '84/100'}]","Animation, Adventure, Comedy"
tt0089927,Rocky IV,27 Nov 1985,Sylvester Stallone,6.9,"[{'Source': 'Internet Movie Database', 'Value': '6.9/10'}, {'Source': 'Rotten Tomatoes', 'Value': '39%'}, {'Source': 'Metacritic', 'Value': '40/100'}]","Drama, Sport"
tt0145487,Spider-Man,03 May 2002,Sam Raimi,7.4,"[{'Source': 'Internet Movie Database', 'Value': '7.4/10'}, {'Source': 'Rotten Tomatoes', 'Value': '90%'}, {'Source': 'Metacritic', 'Value': '73/100'}]","Action, Adventure, Sci-Fi"
tt0083866,E.T. the Extra-Terrestrial,11 Jun 1982,Steven Spielberg,7.9,"[{'Source': 'Internet Movie Database', 'Value': '7.9/10'}, {'Source': 'Rotten Tomatoes', 'Value': '99%'}, {'Source': 'Metacritic', 'Value': '92/100'}]","Adventure, Family, Sci-Fi"
tt0092007,Star Trek IV: The Voyage Home,26 Nov 1986,Leonard Nimoy,7.3,"[{'Source': 'Internet Movie Database', 'Value': '7.3/10'}, {'Source': 'Rotten Tomatoes', 'Value': '81%'}, {'Source': 'Metacritic', 'Value': '71/100'}]","Adventure, Comedy, Sci-Fi"
tt0133093,The Matrix,31 Mar 1999,"Lana Wachowski, Lilly Wachowski",8.7,"[{'Source': 'Internet Movie Database', 'Value': '8.7/10'}, {'Source': 'Rotten Tomatoes', 'Value': '83%'}, {'Source': 'Metacritic', 'Value': '73/100'}]","Action, Sci-Fi"
tt0399201,The Island,22 Jul 2005,Michael Bay,6.8,"[{'Source': 'Internet Movie Database', 'Value': '6.8/10'}, {'Source': 'Metacritic', 'Value': '50/100'}]","Action, Sci-Fi, Thriller"
tt1285016,The Social Network,01 Oct 2010,David Fincher,7.8,"[{'Source': 'Internet Movie Database', 'Value': '7.8/10'}, {'Source': 'Rotten Tomatoes', 'Value': '96%'}, {'Source': 'Metacritic', 'Value': '95/100'}]","Biography, Drama"
tt0383574,Pirates of the Caribbean: Dead Man's Chest,07 Jul 2006,Gore Verbinski,7.4,"[{'Source': 'Internet Movie Database', 'Value': '7.4/10'}, {'Source': 'Rotten Tomatoes', 'Value': '53%'}, {'Source': 'Metacritic', 'Value': '53/100'}]","Action, Adventure, Fantasy"
tt0086250,Scarface,09 Dec 1983,Brian De Palma,8.3,"[{'Source': 'Internet Movie Database', 'Value': '8.3/10'}, {'Source': 'Rotten Tomatoes', 'Value': '79%'}, {'Source': 'Metacritic', 'Value': '65/100'}]","Crime, Drama"
tt0099785,Home Alone,16 Nov 1990,Chris Columbus,7.7,"[{'Source': 'Internet Movie Database', 'Value': '7.7/10'}, {'Source': 'Rotten Tomatoes', 'Value': '66%'}, {'Source': 'Metacritic', 'Value': '63/100'}]","Comedy, Family"
tt0052357,Vertigo,28 May 1958,Alfred Hitchcock,8.2,"[{'Source': 'Internet Movie Database', 'Value': '8.2/10'}, {'Source': 'Rotten Tomatoes', 'Value': '93%'}, {'Source': 'Metacritic', 'Value': '100/100'}]","Mystery, Romance, Thriller"
tt0080761,Friday the 13th,09 May 1980,Sean S. Cunningham,6.4,"[{'Source': 'Internet Movie Database', 'Value': '6.4/10'}, {'Source': 'Rotten Tomatoes', 'Value': '68%'}, {'Source': 'Metacritic', 'Value': '22/100'}]","Horror, Mystery, Thriller"
tt0103874,Dracula,13 Nov 1992,Francis Ford Coppola,7.4,"[{'Source': 'Internet Movie Database', 'Value': '7.4/10'}, {'Source': 'Rotten Tomatoes', 'Value': '69%'}, {'Source': 'Metacritic', 'Value': '57/100'}]","Fantasy, Horror, Romance"
tt1375666,Inception,16 Jul 2010,Christopher Nolan,8.8,"[{'Source': 'Internet Movie Database', 'Value': '8.8/10'}, {'Source': 'Rotten Tomatoes', 'Value': '87%'}, {'Source': 'Metacritic', 'Value': '74/100'}]","Action, Adventure, Sci-Fi"
tt0053502,The Flintstones,01 May 1960,N/A,7.5,"[{'Source': 'Internet Movie Database', 'Value': '7.5/10'}]","Animation, Adventure, Comedy"
tt0120855,Tarzan,18 Jun 1999,"Chris Buck, Kevin Lima",7.3,"[{'Source': 'Internet Movie Database', 'Value': '7.3/10'}, {'Source': 'Rotten Tomatoes', 'Value': '90%'}, {'Source': 'Metacritic', 'Value': '80/100'}]","Animation, Adventure, Comedy"
tt0094721,Beetlejuice,30 Mar 1988,Tim Burton,7.4,"[{'Source': 'Internet Movie Database', 'Value': '7.4/10'}, {'Source': 'Rotten Tomatoes', 'Value': '83%'}, {'Source': 'Metacritic', 'Value': '71/100'}]","Comedy, Fantasy"
tt0121766,Star Wars: Episode III - Revenge of the Sith,19 May 2005,George Lucas,7.6,"[{'Source': 'Internet Movie Database', 'Value': '7.6/10'}, {'Source': 'Rotten Tomatoes', 'Value': '79%'}, {'Source': 'Metacritic', 'Value': '68/100'}]","Action, Adventure, Fantasy"
tt0372824,The Chorus,17 Mar 2004,Christophe Barratier,7.8,"[{'Source': 'Internet Movie Database', 'Value': '7.8/10'}, {'Source': 'Rotten Tomatoes', 'Value': '68%'}, {'Source': 'Metacritic', 'Value': '56/100'}]","Drama, Music"
tt0087957,Purple Rain,27 Jul 1984,Albert Magnoli,6.5,"[{'Source': 'Internet Movie Database', 'Value': '6.5/10'}, {'Source': 'Rotten Tomatoes', 'Value': '73%'}, {'Source': 'Metacritic', 'Value': '55/100'}]","Drama, Music, Romance"
tt0113855,Mortal Kombat,18 Aug 1995,Paul W.S. Anderson,5.8,"[{'Source': 'Internet Movie Database', 'Value': '5.8/10'}, {'Source': 'Rotten Tomatoes', 'Value': '44%'}, {'Source': 'Metacritic', 'Value': '60/100'}]","Action, Adventure, Fantasy"
tt0070735,The Sting,25 Dec 1973,George Roy Hill,8.2,"[{'Source': 'Internet Movie Database', 'Value': '8.2/10'}, {'Source': 'Rotten Tomatoes', 'Value': '93%'}, {'Source': 'Metacritic', 'Value': '83/100'}]","Comedy, Crime, Drama"
tt0120616,The Mummy,07 May 1999,Stephen Sommers,7.1,"[{'Source': 'Internet Movie Database', 'Value': '7.1/10'}, {'Source': 'Rotten Tomatoes', 'Value': '63%'}, {'Source': 'Metacritic', 'Value': '48/100'}]","Action, Adventure, Fantasy"
tt0080716,Fame,20 Jun 1980,Alan Parker,6.6,"[{'Source': 'Internet Movie Database', 'Value': '6.6/10'}, {'Source': 'Rotten Tomatoes', 'Value': '81%'}, {'Source': 'Metacritic', 'Value': '58/100'}]","Drama, Music, Musical"
tt0080678,The Elephant Man,10 Oct 1980,David Lynch,8.2,"[{'Source': 'Internet Movie Database', 'Value': '8.2/10'}, {'Source': 'Rotten Tomatoes', 'Value': '91%'}, {'Source': 'Metacritic', 'Value': '78/100'}]","Biography, Drama"
tt0119654,Men in Black,02 Jul 1997,Barry Sonnenfeld,7.3,"[{'Source': 'Internet Movie Database', 'Value': '7.3/10'}, {'Source': 'Rotten Tomatoes', 'Value': '91%'}, {'Source': 'Metacritic', 'Value': '72/100'}]","Action, Adventure, Comedy"
tt0387564,Saw,29 Oct 2004,James Wan,7.6,"[{'Source': 'Internet Movie Database', 'Value': '7.6/10'}, {'Source': 'Rotten Tomatoes', 'Value': '50%'}, {'Source': 'Metacritic', 'Value': '46/100'}]","Horror, Mystery, Thriller"
tt0335345,The Passion of the Christ,25 Feb 2004,Mel Gibson,7.3,"[{'Source': 'Internet Movie Database', 'Value': '7.3/10'}, {'Source': 'Rotten Tomatoes', 'Value': '49%'}, {'Source': 'Metacritic', 'Value': '47/100'}]",Drama
tt0202470,Rock Star,07 Sep 2001,Stephen Herek,6.3,"[{'Source': 'Internet Movie Database', 'Value': '6.3/10'}, {'Source': 'Metacritic', 'Value': '54/100'}]","Drama, Music"
tt0040076,Adventures of Don Juan,29 Jan 1949,Vincent Sherman,7.0,"[{'Source': 'Internet Movie Database', 'Value': '7.0/10'}]","Action, Adventure, Romance"
tt1010048,Slumdog Millionaire,25 Dec 2008,"Danny Boyle, Loveleen Tandan",8.0,"[{'Source': 'Internet Movie Database', 'Value': '8.0/10'}, {'Source': 'Rotten Tomatoes', 'Value': '92%'}, {'Source': 'Metacritic', 'Value': '84/100'}]","Crime, Drama, Romance"
tt0032455,Fantasia,19 Sep 1941,"James Algar, Samuel Armstrong, Ford Beebe Jr.",7.7,"[{'Source': 'Internet Movie Database', 'Value': '7.7/10'}, {'Source': 'Rotten Tomatoes', 'Value': '95%'}, {'Source': 'Metacritic', 'Value': '96/100'}]","Animation, Family, Fantasy"
tt0099653,Ghost,13 Jul 1990,Jerry Zucker,7.1,"[{'Source': 'Internet Movie Database', 'Value': '7.1/10'}, {'Source': 'Rotten Tomatoes', 'Value': '74%'}, {'Source': 'Metacritic', 'Value': '52/100'}]","Drama, Fantasy, Romance"
tt0211915,Amélie,08 Feb 2002,Jean-Pierre Jeunet,8.3,"[{'Source': 'Internet Movie Database', 'Value': '8.3/10'}, {'Source': 'Rotten Tomatoes', 'Value': '90%'}, {'Source': 'Metacritic', 'Value': '70/100'}]","Comedy, Romance"
tt0120762,Mulan,19 Jun 1998,"Tony Bancroft, Barry Cook",7.7,"[{'Source': 'Internet Movie Database', 'Value': '7.7/10'}, {'Source': 'Rotten Tomatoes', 'Value': '91%'}, {'Source': 'Metacritic', 'Value': '72/100'}]","Animation, Adventure, Comedy"
tt0119567,The Lost World: Jurassic Park,22 May 1997,Steven Spielberg,6.6,"[{'Source': 'Internet Movie Database', 'Value': '6.6/10'}, {'Source': 'Rotten Tomatoes', 'Value': '57%'}, {'Source': 'Metacritic', 'Value': '59/100'}]","Action, Adventure, Sci-Fi"
tt0076786,Suspiria,12 Aug 1977,Dario Argento,7.3,"[{'Source': 'Internet Movie Database', 'Value': '7.3/10'}, {'Source': 'Rotten Tomatoes', 'Value': '94%'}, {'Source': 'Metacritic', 'Value': '79/100'}]",Horror
tt0054047,The Magnificent Seven,12 Oct 1960,John Sturges,7.7,"[{'Source': 'Internet Movie Database', 'Value': '7.7/10'}, {'Source': 'Rotten Tomatoes', 'Value': '89%'}, {'Source': 'Metacritic', 'Value': '74/100'}]","Action, Adventure, Drama"
tt0448134,Sunshine,27 Jul 2007,Danny Boyle,7.2,"[{'Source': 'Internet Movie Database', 'Value': '7.2/10'}, {'Source': 'Rotten Tomatoes', 'Value': '77%'}, {'Source': 'Metacritic', 'Value': '64/100'}]","Sci-Fi, Thriller"
tt0120611,Blade,21 Aug 1998,Stephen Norrington,7.1,"[{'Source': 'Internet Movie Database', 'Value': '7.1/10'}, {'Source': 'Rotten Tomatoes', 'Value': '59%'}, {'Source': 'Metacritic', 'Value': '47/100'}]","Action, Horror, Sci-Fi"
tt0349903,Ocean's Twelve,10 Dec 2004,Steven Soderbergh,6.5,"[{'Source': 'Internet Movie Database', 'Value': '6.5/10'}, {'Source': 'Rotten Tomatoes', 'Value': '55%'}, {'Source': 'Metacritic', 'Value': '58/100'}]","Crime, Thriller"
tt0372183,The Bourne Supremacy,23 Jul 2004,Paul Greengrass,7.7,"[{'Source': 'Internet Movie Database', 'Value': '7.7/10'}, {'Source': 'Rotten Tomatoes', 'Value': '81%'}, {'Source': 'Metacritic', 'Value': '73/100'}]","Action, Mystery, Thriller"
tt0034946,Kings Row,18 Apr 1942,Sam Wood,7.5,"[{'Source': 'Internet Movie Database', 'Value': '7.5/10'}, {'Source': 'Rotten Tomatoes', 'Value': '100%'}]",Drama
tt0468569,The Dark Knight,18 Jul 2008,Christopher Nolan,9.1,"[{'Source': 'Internet Movie Database', 'Value': '9.1/10'}, {'Source': 'Rotten Tomatoes', 'Value': '94%'}, {'Source': 'Metacritic', 'Value': '85/100'}]","Action, Crime, Drama"
tt0120863,The Thin Red Line,15 Jan 1999,Terrence Malick,7.6,"[{'Source': 'Internet Movie Database', 'Value': '7.6/10'}, {'Source': 'Rotten Tomatoes', 'Value': '80%'}, {'Source': 'Metacritic', 'Value': '78/100'}]","Drama, History, War"
tt0368447,The Village,30 Jul 2004,M. Night Shyamalan,6.6,"[{'Source': 'Internet Movie Database', 'Value': '6.6/10'}, {'Source': 'Rotten Tomatoes', 'Value': '43%'}, {'Source': 'Metacritic', 'Value': '44/100'}]","Drama, Mystery, Thriller"
tt0026138,Bride of Frankenstein,06 May 1935,James Whale,7.8,"[{'Source': 'Internet Movie Database', 'Value': '7.8/10'}, {'Source': 'Rotten Tomatoes', 'Value': '98%'}, {'Source': 'Metacritic', 'Value': '95/100'}]","Drama, Horror, Sci-Fi"
tt0029850,Alexander Nevsky,22 Mar 1939,"Sergei Eisenstein, Dmitriy Vasilev",7.5,"[{'Source': 'Internet Movie Database', 'Value': '7.5/10'}, {'Source': 'Rotten Tomatoes', 'Value': '91%'}]","Action, Biography, Drama"
tt0910970,WALL·E,27 Jun 2008,Andrew Stanton,8.4,"[{'Source': 'Internet Movie Database', 'Value': '8.4/10'}, {'Source': 'Rotten Tomatoes', 'Value': '95%'}, {'Source': 'Metacritic', 'Value': '95/100'}]","Animation, Adventure, Family"
tt0457430,Pan's Labyrinth,19 Jan 2007,Guillermo del Toro,8.2,"[{'Source': 'Internet Movie Database', 'Value': '8.2/10'}, {'Source': 'Rotten Tomatoes', 'Value': '95%'}, {'Source': 'Metacritic', 'Value': '98/100'}]","Drama, Fantasy, War"
tt0289879,The Butterfly Effect,23 Jan 2004,"Eric Bress, J. Mackye Gruber",7.6,"[{'Source': 'Internet Movie Database', 'Value': '7.6/10'}, {'Source': 'Rotten Tomatoes', 'Value': '34%'}, {'Source': 'Metacritic', 'Value': '30/100'}]","Drama, Sci-Fi, Thriller"
tt0057115,The Great Escape,04 Jul 1963,John Sturges,8.2,"[{'Source': 'Internet Movie Database', 'Value': '8.2/10'}, {'Source': 'Rotten Tomatoes', 'Value': '94%'}, {'Source': 'Metacritic', 'Value': '86/100'}]","Adventure, Drama, Thriller"
tt0053804,Exodus,02 Jan 1961,Otto Preminger,6.7,"[{'Source': 'Internet Movie Database', 'Value': '6.7/10'}, {'Source': 'Rotten Tomatoes', 'Value': '65%'}, {'Source': 'Metacritic', 'Value': '70/100'}]","Action, Drama, War"
tt0033028,The Sea Hawk,31 Aug 1940,Michael Curtiz,7.6,"[{'Source': 'Internet Movie Database', 'Value': '7.6/10'}, {'Source': 'Rotten Tomatoes', 'Value': '94%'}]","Action, Adventure, History"
tt0099487,Edward Scissorhands,14 Dec 1990,Tim Burton,7.8,"[{'Source': 'Internet Movie Database', 'Value': '7.8/10'}, {'Source': 'Rotten Tomatoes', 'Value': '90%'}, {'Source': 'Metacritic', 'Value': '74/100'}]","Drama, Fantasy, Romance"
tt0085811,Krull,29 Jul 1983,Peter Yates,6.1,"[{'Source': 'Internet Movie Database', 'Value': '6.1/10'}, {'Source': 'Metacritic', 'Value': '45/100'}]","Action, Adventure, Fantasy"
tt0053320,A Summer Place,18 Nov 1959,Delmer Daves,6.9,"[{'Source': 'Internet Movie Database', 'Value': '6.9/10'}, {'Source': 'Rotten Tomatoes', 'Value': '83%'}]","Drama, Romance"
tt0066921,A Clockwork Orange,02 Feb 1972,Stanley Kubrick,8.2,"[{'Source': 'Internet Movie Database', 'Value': '8.2/10'}, {'Source': 'Rotten Tomatoes', 'Value': '86%'}, {'Source': 'Metacritic', 'Value': '77/100'}]","Crime, Sci-Fi"
tt0049833,The Ten Commandments,05 Oct 1956,Cecil B. DeMille,7.9,"[{'Source': 'Internet Movie Database', 'Value': '7.9/10'}, {'Source': 'Rotten Tomatoes', 'Value': '84%'}]","Adventure, Drama, Family"
tt0056556,Taras Bulba,19 Dec 1962,J. Lee Thompson,6.3,"[{'Source': 'Internet Movie Database', 'Value': '6.3/10'}]","Adventure, Drama, History"
tt0094012,Spaceballs,24 Jun 1987,Mel Brooks,7.1,"[{'Source': 'Internet Movie Database', 'Value': '7.1/10'}, {'Source': 'Rotten Tomatoes', 'Value': '52%'}, {'Source': 'Metacritic', 'Value': '46/100'}]","Adventure, Comedy, Sci-Fi"
tt0116996,Mars Attacks!,13 Dec 1996,Tim Burton,6.4,"[{'Source': 'Internet Movie Database', 'Value': '6.4/10'}, {'Source': 'Rotten Tomatoes', 'Value': '55%'}, {'Source': 'Metacritic', 'Value': '52/100'}]","Comedy, Sci-Fi"
tt0119282,Hercules,27 Jun 1997,"Ron Clements, John Musker",7.3,"[{'Source': 'Internet Movie Database', 'Value': '7.3/10'}, {'Source': 'Rotten Tomatoes', 'Value': '83%'}, {'Source': 'Metacritic', 'Value': '74/100'}]","Animation, Action, Adventure"
tt0107818,Philadelphia,14 Jan 1994,Jonathan Demme,7.7,"[{'Source': 'Internet Movie Database', 'Value': '7.7/10'}, {'Source': 'Rotten Tomatoes', 'Value': '83%'}, {'Source': 'Metacritic', 'Value': '66/100'}]",Drama
tt0101540,Cape Fear,15 Nov 1991,Martin Scorsese,7.3,"[{'Source': 'Internet Movie Database', 'Value': '7.3/10'}, {'Source': 'Rotten Tomatoes', 'Value': '76%'}, {'Source': 'Metacritic', 'Value': '73/100'}]","Crime, Thriller"
tt0118617,Anastasia,21 Nov 1997,"Don Bluth, Gary Goldman",7.2,"[{'Source': 'Internet Movie Database', 'Value': '7.2/10'}, {'Source': 'Rotten Tomatoes', 'Value': '82%'}, {'Source': 'Metacritic', 'Value': '61/100'}]","Animation, Adventure, Drama"
tt0051411,The Big Country,01 Oct 1958,William Wyler,7.9,"[{'Source': 'Internet Movie Database', 'Value': '7.9/10'}, {'Source': 'Rotten Tomatoes', 'Value': '100%'}, {'Source': 'Metacritic', 'Value': '61/100'}]","Drama, Romance, Western"
tt0043456,The Day the Earth Stood Still,20 Sep 1951,Robert Wise,7.7,"[{'Source': 'Internet Movie Database', 'Value': '7.7/10'}, {'Source': 'Rotten Tomatoes', 'Value': '95%'}, {'Source': 'Metacritic', 'Value': '83/100'}]","Drama, Sci-Fi"
tt0095294,Hellbound: Hellraiser II,23 Dec 1988,Tony Randel,6.4,"[{'Source': 'Internet Movie Database', 'Value': '6.4/10'}, {'Source': 'Rotten Tomatoes', 'Value': '52%'}, {'Source': 'Metacritic', 'Value': '41/100'}]","Horror, Thriller"
tt0054847,El Cid,14 Dec 1961,Anthony Mann,7.2,"[{'Source': 'Internet Movie Database', 'Value': '7.2/10'}, {'Source': 'Rotten Tomatoes', 'Value': '93%'}, {'Source': 'Metacritic', 'Value': '79/100'}]","Biography, Drama, History"
tt0057193,It's a Mad Mad Mad Mad World,07 Nov 1963,Stanley Kramer,7.5,"[{'Source': 'Internet Movie Database', 'Value': '7.5/10'}, {'Source': 'Rotten Tomatoes', 'Value': '69%'}, {'Source': 'Metacritic', 'Value': '59/100'}]","Action, Adventure, Comedy"
tt0033152,The Thief of Bagdad,25 Dec 1940,"Ludwig Berger, Michael Powell, Tim Whelan",7.4,"[{'Source': 'Internet Movie Database', 'Value': '7.4/10'}, {'Source': 'Rotten Tomatoes', 'Value': '100%'}]","Adventure, Family, Fantasy"
tt0086197,The Right Stuff,17 Feb 1984,Philip Kaufman,7.8,"[{'Source': 'Internet Movie Database', 'Value': '7.8/10'}, {'Source': 'Rotten Tomatoes', 'Value': '96%'}, {'Source': 'Metacritic', 'Value': '91/100'}]","Adventure, Biography, Drama"
tt0052311,Touch of Evil,23 Apr 1958,Orson Welles,8.0,"[{'Source': 'Internet Movie Database', 'Value': '8.0/10'}, {'Source': 'Rotten Tomatoes', 'Value': '96%'}, {'Source': 'Metacritic', 'Value': '99/100'}]","Crime, Drama, Film-Noir"
tt0073629,The Rocky Horror Picture Show,29 Sep 1975,Jim Sharman,7.4,"[{'Source': 'Internet Movie Database', 'Value': '7.4/10'}, {'Source': 'Rotten Tomatoes', 'Value': '81%'}, {'Source': 'Metacritic', 'Value': '65/100'}]","Comedy, Horror, Musical"
tt0061852,The Jungle Book,18 Oct 1967,Wolfgang Reitherman,7.6,"[{'Source': 'Internet Movie Database', 'Value': '7.6/10'}, {'Source': 'Rotten Tomatoes', 'Value': '88%'}, {'Source': 'Metacritic', 'Value': '65/100'}]","Animation, Adventure, Comedy"
tt0808151,Angels & Demons,15 May 2009,Ron Howard,6.7,"[{'Source': 'Internet Movie Database', 'Value': '6.7/10'}, {'Source': 'Rotten Tomatoes', 'Value': '36%'}, {'Source': 'Metacritic', 'Value': '48/100'}]","Mystery, Thriller"
tt0101587,City Slickers,07 Jun 1991,Ron Underwood,6.8,"[{'Source': 'Internet Movie Database', 'Value': '6.8/10'}, {'Source': 'Rotten Tomatoes', 'Value': '87%'}, {'Source': 'Metacritic', 'Value': '70/100'}]","Comedy, Western"
tt0332379,School of Rock,03 Oct 2003,Richard Linklater,7.2,"[{'Source': 'Internet Movie Database', 'Value': '7.2/10'}, {'Source': 'Rotten Tomatoes', 'Value': '92%'}, {'Source': 'Metacritic', 'Value': '82/100'}]","Comedy, Music"
tt0063950,"Scooby Doo, Where Are You!",13 Sep 1969,N/A,7.9,"[{'Source': 'Internet Movie Database', 'Value': '7.9/10'}]","Animation, Adventure, Comedy"
tt0800080,The Incredible Hulk,13 Jun 2008,Louis Leterrier,6.6,"[{'Source': 'Internet Movie Database', 'Value': '6.6/10'}, {'Source': 'Rotten Tomatoes', 'Value': '68%'}, {'Source': 'Metacritic', 'Value': '61/100'}]","Action, Adventure, Sci-Fi"
tt0094332,The Witches of Eastwick,12 Jun 1987,George Miller,6.6,"[{'Source': 'Internet Movie Database', 'Value': '6.6/10'}, {'Source': 'Rotten Tomatoes', 'Value': '67%'}, {'Source': 'Metacritic', 'Value': '67/100'}]","Comedy, Fantasy, Horror"
tt0089755,Out of Africa,20 Dec 1985,Sydney Pollack,7.1,"[{'Source': 'Internet Movie Database', 'Value': '7.1/10'}, {'Source': 'Rotten Tomatoes', 'Value': '62%'}, {'Source': 'Metacritic', 'Value': '69/100'}]","Biography, Drama, Romance"
tt0046247,The Robe,04 Dec 1953,Henry Koster,6.7,"[{'Source': 'Internet Movie Database', 'Value': '6.7/10'}, {'Source': 'Rotten Tomatoes', 'Value': '38%'}]","Drama, History, Romance"
tt0098143,Puppet Master,N/A,David Schmoeller,5.6,"[{'Source': 'Internet Movie Database', 'Value': '5.6/10'}, {'Source': 'Rotten Tomatoes', 'Value': '44%'}]","Fantasy, Horror, Sci-Fi, Thriller"
tt0084516,Poltergeist,04 Jun 1982,Tobe Hooper,7.3,"[{'Source': 'Internet Movie Database', 'Value': '7.3/10'}, {'Source': 'Rotten Tomatoes', 'Value': '88%'}, {'Source': 'Metacritic', 'Value': '79/100'}]","Horror, Thriller"
tt0232500,The Fast and the Furious,22 Jun 2001,Rob Cohen,6.8,"[{'Source': 'Internet Movie Database', 'Value': '6.8/10'}, {'Source': 'Rotten Tomatoes', 'Value': '55%'}, {'Source': 'Metacritic', 'Value': '58/100'}]","Action, Crime, Thriller"
tt0360717,King Kong,14 Dec 2005,Peter Jackson,7.2,"[{'Source': 'Internet Movie Database', 'Value': '7.2/10'}, {'Source': 'Rotten Tomatoes', 'Value': '84%'}, {'Source': 'Metacritic', 'Value': '81/100'}]","Action, Adventure, Romance"
tt0066206,Patton,02 Apr 1970,Franklin J. Schaffner,7.9,"[{'Source': 'Internet Movie Database', 'Value': '7.9/10'}, {'Source': 'Rotten Tomatoes', 'Value': '92%'}, {'Source': 'Metacritic', 'Value': '86/100'}]","Biography, Drama, War"
tt0026174,Captain Blood,28 Dec 1935,Michael Curtiz,7.7,"[{'Source': 'Internet Movie Database', 'Value': '7.7/10'}, {'Source': 'Rotten Tomatoes', 'Value': '100%'}, {'Source': 'Metacritic', 'Value': '89/100'}]","Action, Adventure, History"
tt0095705,The Naked Gun: From the Files of Police Squad!,02 Dec 1988,David Zucker,7.6,"[{'Source': 'Internet Movie Database', 'Value': '7.6/10'}, {'Source': 'Rotten Tomatoes', 'Value': '88%'}, {'Source': 'Metacritic', 'Value': '76/100'}]","Comedy, Crime"
tt0112442,Bad Boys,07 Apr 1995,Michael Bay,6.8,"[{'Source': 'Internet Movie Database', 'Value': '6.8/10'}, {'Source': 'Rotten Tomatoes', 'Value': '46%'}, {'Source': 'Metacritic', 'Value': '41/100'}]","Action, Comedy, Crime"
tt0112760,Cutthroat Island,22 Dec 1995,Renny Harlin,5.7,"[{'Source': 'Internet Movie Database', 'Value': '5.7/10'}, {'Source': 'Rotten Tomatoes', 'Value': '40%'}, {'Source': 'Metacritic', 'Value': '37/100'}]","Action, Adventure, Comedy"
tt0087538,The Karate Kid,22 Jun 1984,John G. Avildsen,7.3,"[{'Source': 'Internet Movie Database', 'Value': '7.3/10'}, {'Source': 'Rotten Tomatoes', 'Value': '81%'}, {'Source': 'Metacritic', 'Value': '61/100'}]","Action, Drama, Family"
tt0062765,Bullitt,17 Oct 1968,Peter Yates,7.4,"[{'Source': 'Internet Movie Database', 'Value': '7.4/10'}, {'Source': 'Rotten Tomatoes', 'Value': '98%'}, {'Source': 'Metacritic', 'Value': '81/100'}]","Action, Crime, Thriller"
tt0250223,Asterix & Obelix: Mission Cleopatra,30 Jan 2002,Alain Chabat,6.7,"[{'Source': 'Internet Movie Database', 'Value': '6.7/10'}, {'Source': 'Rotten Tomatoes', 'Value': '86%'}]","Adventure, Comedy, Family"
tt0086425,Terms of Endearment,09 Dec 1983,James L. Brooks,7.4,"[{'Source': 'Internet Movie Database', 'Value': '7.4/10'}, {'Source': 'Rotten Tomatoes', 'Value': '81%'}, {'Source': 'Metacritic', 'Value': '79/100'}]","Comedy, Drama"
tt0117705,Space Jam,15 Nov 1996,Joe Pytka,6.5,"[{'Source': 'Internet Movie Database', 'Value': '6.5/10'}, {'Source': 'Rotten Tomatoes', 'Value': '44%'}, {'Source': 'Metacritic', 'Value': '57/100'}]","Animation, Adventure, Comedy"
tt0230011,Atlantis: The Lost Empire,15 Jun 2001,"Gary Trousdale, Kirk Wise",6.9,"[{'Source': 'Internet Movie Database', 'Value': '6.9/10'}, {'Source': 'Rotten Tomatoes', 'Value': '48%'}, {'Source': 'Metacritic', 'Value': '52/100'}]","Animation, Action, Adventure"
tt0084787,The Thing,25 Jun 1982,John Carpenter,8.2,"[{'Source': 'Internet Movie Database', 'Value': '8.2/10'}, {'Source': 'Rotten Tomatoes', 'Value': '85%'}, {'Source': 'Metacritic', 'Value': '57/100'}]","Horror, Mystery, Sci-Fi"
tt0088286,Top Secret!,22 Jun 1984,"Jim Abrahams, David Zucker, Jerry Zucker",7.2,"[{'Source': 'Internet Movie Database', 'Value': '7.2/10'}, {'Source': 'Rotten Tomatoes', 'Value': '77%'}, {'Source': 'Metacritic', 'Value': '68/100'}]","Comedy, Crime, Music"
tt0101393,Backdraft,24 May 1991,Ron Howard,6.7,"[{'Source': 'Internet Movie Database', 'Value': '6.7/10'}, {'Source': 'Rotten Tomatoes', 'Value': '72%'}, {'Source': 'Metacritic', 'Value': '39/100'}]","Action, Drama, Mystery"
tt0057831,Zorba the Greek,14 Dec 1964,Michael Cacoyannis,7.6,"[{'Source': 'Internet Movie Database', 'Value': '7.6/10'}, {'Source': 'Rotten Tomatoes', 'Value': '79%'}]","Comedy, Drama"
tt0078748,Alien,22 Jun 1979,Ridley Scott,8.5,"[{'Source': 'Internet Movie Database', 'Value': '8.5/10'}, {'Source': 'Rotten Tomatoes', 'Value': '93%'}, {'Source': 'Metacritic', 'Value': '89/100'}]","Horror, Sci-Fi"
tt0093389,The Last Emperor,15 Apr 1988,Bernardo Bertolucci,7.7,"[{'Source': 'Internet Movie Database', 'Value': '7.7/10'}, {'Source': 'Rotten Tomatoes', 'Value': '86%'}, {'Source': 'Metacritic', 'Value': '76/100'}]","Biography, Drama, History"
tt0187393,The Patriot,28 Jun 2000,Roland Emmerich,7.2,"[{'Source': 'Internet Movie Database', 'Value': '7.2/10'}, {'Source': 'Rotten Tomatoes', 'Value': '61%'}, {'Source': 'Metacritic', 'Value': '63/100'}]","Action, Drama, War"
tt0780504,Drive,16 Sep 2011,Nicolas Winding Refn,7.8,"[{'Source': 'Internet Movie Database', 'Value': '7.8/10'}, {'Source': 'Rotten Tomatoes', 'Value': '93%'}, {'Source': 'Metacritic', 'Value': '79/100'}]","Action, Drama"
tt0105236,Reservoir Dogs,02 Sep 1992,Quentin Tarantino,8.3,"[{'Source': 'Internet Movie Database', 'Value': '8.3/10'}, {'Source': 'Rotten Tomatoes', 'Value': '90%'}, {'Source': 'Metacritic', 'Value': '81/100'}]","Crime, Thriller"
tt0097441,Glory,16 Feb 1990,Edward Zwick,7.8,"[{'Source': 'Internet Movie Database', 'Value': '7.8/10'}, {'Source': 'Rotten Tomatoes', 'Value': '95%'}, {'Source': 'Metacritic', 'Value': '78/100'}]","Biography, Drama, History"
tt0091790,Pretty in Pink,28 Feb 1986,Howard Deutch,6.7,"[{'Source': 'Internet Movie Database', 'Value': '6.7/10'}, {'Source': 'Rotten Tomatoes', 'Value': '76%'}, {'Source': 'Metacritic', 'Value': '56/100'}]","Comedy, Drama, Romance"
tt1119646,The Hangover,05 Jun 2009,Todd Phillips,7.7,"[{'Source': 'Internet Movie Database', 'Value': '7.7/10'}, {'Source': 'Rotten Tomatoes', 'Value': '79%'}, {'Source': 'Metacritic', 'Value': '73/100'}]",Comedy
tt0037824,"Ivan the Terrible, Part I",08 Mar 1947,Sergei Eisenstein,7.7,"[{'Source': 'Internet Movie Database', 'Value': '7.7/10'}, {'Source': 'Rotten Tomatoes', 'Value': '100%'}]","Biography, Drama, History"
tt0059113,Doctor Zhivago,31 Dec 1965,David Lean,7.9,"[{'Source': 'Internet Movie Database', 'Value': '7.9/10'}, {'Source': 'Rotten Tomatoes', 'Value': '82%'}, {'Source': 'Metacritic', 'Value': '69/100'}]","Drama, Romance, War"
tt0053125,North by Northwest,18 Dec 1959,Alfred Hitchcock,8.3,"[{'Source': 'Internet Movie Database', 'Value': '8.3/10'}, {'Source': 'Rotten Tomatoes', 'Value': '97%'}, {'Source': 'Metacritic', 'Value': '98/100'}]","Adventure, Drama, Mystery"
tt0082340,Escape from New York,10 Jul 1981,John Carpenter,7.1,"[{'Source': 'Internet Movie Database', 'Value': '7.1/10'}, {'Source': 'Rotten Tomatoes', 'Value': '86%'}, {'Source': 'Metacritic', 'Value': '76/100'}]","Action, Adventure, Sci-Fi"
tt0069704,American Graffiti,11 Aug 1973,George Lucas,7.4,"[{'Source': 'Internet Movie Database', 'Value': '7.4/10'}, {'Source': 'Rotten Tomatoes', 'Value': '95%'}, {'Source': 'Metacritic', 'Value': '97/100'}]","Comedy, Drama"
tt0363771,"The Chronicles of Narnia: The Lion, the Witch and the Wardrobe",09 Dec 2005,Andrew Adamson,6.9,"[{'Source': 'Internet Movie Database', 'Value': '6.9/10'}, {'Source': 'Rotten Tomatoes', 'Value': '76%'}, {'Source': 'Metacritic', 'Value': '75/100'}]","Adventure, Family, Fantasy"
tt0120815,Saving Private Ryan,24 Jul 1998,Steven Spielberg,8.6,"[{'Source': 'Internet Movie Database', 'Value': '8.6/10'}, {'Source': 'Rotten Tomatoes', 'Value': '94%'}, {'Source': 'Metacritic', 'Value': '91/100'}]","Drama, War"
