id,file,length
tt0087957,../data/midis/tt0087957.mid,3964
tt0120737,../data/midis/tt0120737.mid,1960
tt0094721,../data/midis/tt0094721.mid,3855
tt0241527,../data/midis/tt0241527.mid,24485
tt0180093,../data/midis/tt0180093.mid,3251
tt0325980,../data/midis/tt0325980.mid,4894
tt0988045,../data/midis/tt0988045.mid,797
tt0080761,../data/midis/tt0080761.mid,859
tt0120338,../data/midis/tt0120338.mid,2301
tt0075860,../data/midis/tt0075860.mid,1141
tt0082971,../data/midis/tt0082971.mid,7498
tt0080684,../data/midis/tt0080684.mid,19074
tt0097757,../data/midis/tt0097757.mid,7243
tt0111282,../data/midis/tt0111282.mid,1878
tt0145487,../data/midis/tt0145487.mid,3313
tt0112740,../data/midis/tt0112740.mid,4857
tt0094226,../data/midis/tt0094226.mid,1789
tt0082158,../data/midis/tt0082158.mid,5979
tt0054047,../data/midis/tt0054047.mid,4053
tt1104001,../data/midis/tt1104001.mid,157
tt0026138,../data/midis/tt0026138.mid,855
tt0060196,../data/midis/tt0060196.mid,3726
tt0076666,../data/midis/tt0076666.mid,5799
tt0040076,../data/midis/tt0040076.mid,29034
tt0075148,../data/midis/tt0075148.mid,4957
tt0126029,../data/midis/tt0126029.mid,1199
tt0112573,../data/midis/tt0112573.mid,1307
tt0092007,../data/midis/tt0092007.mid,5270
tt0103855,../data/midis/tt0103855.mid,2934
tt0077651,../data/midis/tt0077651.mid,1227
tt0052520,../data/midis/tt0052520.mid,6418
tt0298203,../data/midis/tt0298203.mid,3755
tt0172495,../data/midis/tt0172495.mid,56
tt0068646,../data/midis/tt0068646.mid,1954
tt0110357,../data/midis/tt0110357.mid,2593
tt0109254,../data/midis/tt0109254.mid,3062
tt0076786,../data/midis/tt0076786.mid,1818
tt0076759,../data/midis/tt0076759.mid,761
tt0107290,../data/midis/tt0107290.mid,3790
tt0317705,../data/midis/tt0317705.mid,4996
tt0104691,../data/midis/tt0104691.mid,221
tt0060009,../data/midis/tt0060009.mid,6411
tt0032138,../data/midis/tt0032138.mid,668
tt0056172,../data/midis/tt0056172.mid,1254
tt0073195,../data/midis/tt0073195.mid,479
tt0054215,../data/midis/tt0054215.mid,1604
tt0088763,../data/midis/tt0088763.mid,4837
tt0050212,../data/midis/tt0050212.mid,2360
tt0057413,../data/midis/tt0057413.mid,2681
tt0062622,../data/midis/tt0062622.mid,523
tt0120591,../data/midis/tt0120591.mid,1263
tt0120915,../data/midis/tt0120915.mid,5550
tt0078788,../data/midis/tt0078788.mid,10320
tt0108052,../data/midis/tt0108052.mid,1706
tt0053502,../data/midis/tt0053502.mid,3584
tt0101272,../data/midis/tt0101272.mid,537
tt0077631,../data/midis/tt0077631.mid,4967
tt0045152,../data/midis/tt0045152.mid,3798
tt0133093,../data/midis/tt0133093.mid,3267
tt0418279,../data/midis/tt0418279.mid,82
tt0087800,../data/midis/tt0087800.mid,2246
tt0082198,../data/midis/tt0082198.mid,301
tt0118655,../data/midis/tt0118655.mid,4019
tt0266697,../data/midis/tt0266697.mid,190
tt0120746,../data/midis/tt0120746.mid,1376
tt0064116,../data/midis/tt0064116.mid,1040
tt1375666,../data/midis/tt1375666.mid,24
tt0078346,../data/midis/tt0078346.mid,10054
tt0092099,../data/midis/tt0092099.mid,6746
tt0120855,../data/midis/tt0120855.mid,6946
tt0110912,../data/midis/tt0110912.mid,5792
tt0103064,../data/midis/tt0103064.mid,2095
tt0089927,../data/midis/tt0089927.mid,3539
tt0117509,../data/midis/tt0117509.mid,2342
tt0096895,../data/midis/tt0096895.mid,906
tt0101414,../data/midis/tt0101414.mid,1303
tt0119654,../data/midis/tt0119654.mid,8913
tt0121766,../data/midis/tt0121766.mid,7212
tt0084602,../data/midis/tt0084602.mid,5395
tt0029583,../data/midis/tt0029583.mid,260
tt0293508,../data/midis/tt0293508.mid,6133
tt0087332,../data/midis/tt0087332.mid,4041
tt0083866,../data/midis/tt0083866.mid,21
tt0372824,../data/midis/tt0372824.mid,1404
tt0499549,../data/midis/tt0499549.mid,84
tt0070047,../data/midis/tt0070047.mid,6673
tt0113855,../data/midis/tt0113855.mid,447
tt0085549,../data/midis/tt0085549.mid,3941
tt0102798,../data/midis/tt0102798.mid,3305
tt0070735,../data/midis/tt0070735.mid,3025
tt0055928,../data/midis/tt0055928.mid,2692
